--------------------------------------------------------
--  File created - Saturday-June-14-2025   
--------------------------------------------------------
--------------------------------------------------------
--  DDL for Sequence USER_ROLE_SEQ
--------------------------------------------------------

   CREATE SEQUENCE  "QLTUYENDUNG"."USER_ROLE_SEQ"  MINVALUE 1 MAXVALUE 9999999999999999999999999999 INCREMENT BY 1 START WITH 1 CACHE 20 NOORDER  NOCYCLE  NOKEEP  NOSCALE  GLOBAL ;
--------------------------------------------------------
--  DDL for Sequence USER_SEQ
--------------------------------------------------------

   CREATE SEQUENCE  "QLTUYENDUNG"."USER_SEQ"  MINVALUE 1 MAXVALUE 9999999999999999999999999999 INCREMENT BY 1 START WITH 1 CACHE 20 NOORDER  NOCYCLE  NOKEEP  NOSCALE  GLOBAL ;
--------------------------------------------------------
--  DDL for Table BAI_TEST
--------------------------------------------------------

  CREATE TABLE "QLTUYENDUNG"."BAI_TEST" 
   (	"ID" NUMBER(19,0) GENERATED BY DEFAULT AS IDENTITY MINVALUE 1 MAXVALUE 9999999999999999999999999999 INCREMENT BY 1 START WITH 1 CACHE 20 NOORDER  NOCYCLE  NOKEEP  NOSCALE , 
	"LINKGGFORM" VARCHAR2(255 CHAR), 
	"LOAI" VARCHAR2(255 CHAR), 
	"MO_TA" VARCHAR2(4000 CHAR), 
	"NGAY_DONG" TIMESTAMP (6), 
	"NGAY_TAO" TIMESTAMP (6), 
	"TIEU_DE" VARCHAR2(255 CHAR), 
	"TINTD_ID" NUMBER(19,0)
   ) SEGMENT CREATION DEFERRED 
  PCTFREE 10 PCTUSED 40 INITRANS 1 MAXTRANS 255 
 NOCOMPRESS LOGGING
  STORAGE( INITIAL 65536 NEXT 1048576 MAXEXTENTS 2147483645)
  TABLESPACE "USERS" ;
--------------------------------------------------------
--  DDL for Table CONG_TY
--------------------------------------------------------

  CREATE TABLE "QLTUYENDUNG"."CONG_TY" 
   (	"ID" NUMBER(19,0) GENERATED BY DEFAULT AS IDENTITY MINVALUE 1 MAXVALUE 9999999999999999999999999999 INCREMENT BY 1 START WITH 1 CACHE 20 NOORDER  NOCYCLE  NOKEEP  NOSCALE , 
	"DIA_CHI" VARCHAR2(255 CHAR), 
	"EMAIL" VARCHAR2(255 CHAR), 
	"FACEBOOK" VARCHAR2(255 CHAR), 
	"HOT_LINE" VARCHAR2(255 CHAR), 
	"LINH_VUC" VARCHAR2(255 CHAR), 
	"LINKED_IN" VARCHAR2(255 CHAR), 
	"LOGO" VARCHAR2(255 CHAR), 
	"MO_TA" VARCHAR2(4000 CHAR), 
	"NAM_THANH_LAP" VARCHAR2(255 CHAR), 
	"QUY_MO" VARCHAR2(255 CHAR), 
	"TEN_CONG_TY" VARCHAR2(255 CHAR), 
	"WEBSITE" VARCHAR2(255 CHAR)
   ) SEGMENT CREATION IMMEDIATE 
  PCTFREE 10 PCTUSED 40 INITRANS 1 MAXTRANS 255 
 NOCOMPRESS LOGGING
  STORAGE(INITIAL 65536 NEXT 1048576 MINEXTENTS 1 MAXEXTENTS 2147483645
  PCTINCREASE 0 FREELISTS 1 FREELIST GROUPS 1
  BUFFER_POOL DEFAULT FLASH_CACHE DEFAULT CELL_FLASH_CACHE DEFAULT)
  TABLESPACE "USERS" ;
--------------------------------------------------------
--  DDL for Table DON_UNG_TUYEN
--------------------------------------------------------

  CREATE TABLE "QLTUYENDUNG"."DON_UNG_TUYEN" 
   (	"ID" NUMBER(19,0) GENERATED BY DEFAULT AS IDENTITY MINVALUE 1 MAXVALUE 9999999999999999999999999999 INCREMENT BY 1 START WITH 1 CACHE 20 NOORDER  NOCYCLE  NOKEEP  NOSCALE , 
	"CV_FILE" VARCHAR2(255 CHAR), 
	"NGAY_UNG_TUYEN" TIMESTAMP (6), 
	"QUYEN_TEST" NUMBER(1,0), 
	"TRANG_THAI" VARCHAR2(255 CHAR), 
	"TINTD_ID" NUMBER(19,0), 
	"USER_ID" NUMBER(19,0)
   ) SEGMENT CREATION DEFERRED 
  PCTFREE 10 PCTUSED 40 INITRANS 1 MAXTRANS 255 
 NOCOMPRESS LOGGING
  STORAGE( INITIAL 65536 NEXT 1048576 MAXEXTENTS 2147483645)
  TABLESPACE "USERS" ;
--------------------------------------------------------
--  DDL for Table HOC_VAN
--------------------------------------------------------

  CREATE TABLE "QLTUYENDUNG"."HOC_VAN" 
   (	"ID" NUMBER(19,0) GENERATED BY DEFAULT AS IDENTITY MINVALUE 1 MAXVALUE 9999999999999999999999999999 INCREMENT BY 1 START WITH 1 CACHE 20 NOORDER  NOCYCLE  NOKEEP  NOSCALE , 
	"MO_TA" VARCHAR2(255 CHAR), 
	"NAMBD" NUMBER(10,0), 
	"NAMKT" NUMBER(10,0), 
	"TEN_BANG" VARCHAR2(255 CHAR), 
	"TENDVCAP" VARCHAR2(255 CHAR), 
	"USER_ID" NUMBER(19,0)
   ) SEGMENT CREATION DEFERRED 
  PCTFREE 10 PCTUSED 40 INITRANS 1 MAXTRANS 255 
 NOCOMPRESS LOGGING
  STORAGE( INITIAL 65536 NEXT 1048576 MAXEXTENTS 2147483645)
  TABLESPACE "USERS" ;
--------------------------------------------------------
--  DDL for Table KINH_NGHIEM_LAM_VIEC
--------------------------------------------------------

  CREATE TABLE "QLTUYENDUNG"."KINH_NGHIEM_LAM_VIEC" 
   (	"ID" NUMBER(19,0) GENERATED BY DEFAULT AS IDENTITY MINVALUE 1 MAXVALUE 9999999999999999999999999999 INCREMENT BY 1 START WITH 1 CACHE 20 NOORDER  NOCYCLE  NOKEEP  NOSCALE , 
	"MO_TA" VARCHAR2(255 CHAR), 
	"NAMBD" NUMBER(10,0), 
	"NAMKT" NUMBER(10,0), 
	"TEN_CONG_TY" VARCHAR2(255 CHAR), 
	"VI_TRI_CONG_VIEC" VARCHAR2(255 CHAR), 
	"USER_ID" NUMBER(19,0)
   ) SEGMENT CREATION DEFERRED 
  PCTFREE 10 PCTUSED 40 INITRANS 1 MAXTRANS 255 
 NOCOMPRESS LOGGING
  STORAGE( INITIAL 65536 NEXT 1048576 MAXEXTENTS 2147483645)
  TABLESPACE "USERS" ;
--------------------------------------------------------
--  DDL for Table KQBAI_TEST
--------------------------------------------------------

  CREATE TABLE "QLTUYENDUNG"."KQBAI_TEST" 
   (	"ID" NUMBER(19,0) GENERATED BY DEFAULT AS IDENTITY MINVALUE 1 MAXVALUE 9999999999999999999999999999 INCREMENT BY 1 START WITH 1 CACHE 20 NOORDER  NOCYCLE  NOKEEP  NOSCALE , 
	"DIEM" NUMBER(10,0), 
	"NGAY_LAM" TIMESTAMP (6), 
	"TEST_ID" NUMBER(19,0), 
	"DONUT_ID" NUMBER(19,0)
   ) SEGMENT CREATION DEFERRED 
  PCTFREE 10 PCTUSED 40 INITRANS 1 MAXTRANS 255 
 NOCOMPRESS LOGGING
  STORAGE( INITIAL 65536 NEXT 1048576 MAXEXTENTS 2147483645)
  TABLESPACE "USERS" ;
--------------------------------------------------------
--  DDL for Table PHONG_VAN
--------------------------------------------------------

  CREATE TABLE "QLTUYENDUNG"."PHONG_VAN" 
   (	"ID" NUMBER(19,0) GENERATED BY DEFAULT AS IDENTITY MINVALUE 1 MAXVALUE 9999999999999999999999999999 INCREMENT BY 1 START WITH 1 CACHE 20 NOORDER  NOCYCLE  NOKEEP  NOSCALE , 
	"DIA_DIEM" VARCHAR2(255 CHAR), 
	"DIEM_DANH_GIA" NUMBER(10,0), 
	"NGAYPV" TIMESTAMP (6), 
	"NHAN_XET" VARCHAR2(4000 CHAR), 
	"TRANG_THAI" VARCHAR2(255 CHAR), 
	"DONUT_ID" NUMBER(19,0), 
	"NHANVIEN_ID" NUMBER(19,0)
   ) SEGMENT CREATION DEFERRED 
  PCTFREE 10 PCTUSED 40 INITRANS 1 MAXTRANS 255 
 NOCOMPRESS LOGGING
  STORAGE( INITIAL 65536 NEXT 1048576 MAXEXTENTS 2147483645)
  TABLESPACE "USERS" ;
--------------------------------------------------------
--  DDL for Table ROLE
--------------------------------------------------------

  CREATE TABLE "QLTUYENDUNG"."ROLE" 
   (	"ID" NUMBER(19,0) GENERATED BY DEFAULT AS IDENTITY MINVALUE 1 MAXVALUE 9999999999999999999999999999 INCREMENT BY 1 START WITH 1 CACHE 20 NOORDER  NOCYCLE  NOKEEP  NOSCALE , 
	"NAME" VARCHAR2(255 CHAR)
   ) SEGMENT CREATION IMMEDIATE 
  PCTFREE 10 PCTUSED 40 INITRANS 1 MAXTRANS 255 
 NOCOMPRESS LOGGING
  STORAGE(INITIAL 65536 NEXT 1048576 MINEXTENTS 1 MAXEXTENTS 2147483645
  PCTINCREASE 0 FREELISTS 1 FREELIST GROUPS 1
  BUFFER_POOL DEFAULT FLASH_CACHE DEFAULT CELL_FLASH_CACHE DEFAULT)
  TABLESPACE "USERS" ;
--------------------------------------------------------
--  DDL for Table ROLES
--------------------------------------------------------

  CREATE TABLE "QLTUYENDUNG"."ROLES" 
   (	"ID" NUMBER(19,0) GENERATED BY DEFAULT AS IDENTITY MINVALUE 1 MAXVALUE 9999999999999999999999999999 INCREMENT BY 1 START WITH 1 CACHE 20 NOORDER  NOCYCLE  NOKEEP  NOSCALE , 
	"NAME" VARCHAR2(255 CHAR)
   ) SEGMENT CREATION IMMEDIATE 
  PCTFREE 10 PCTUSED 40 INITRANS 1 MAXTRANS 255 
 NOCOMPRESS LOGGING
  STORAGE(INITIAL 65536 NEXT 1048576 MINEXTENTS 1 MAXEXTENTS 2147483645
  PCTINCREASE 0 FREELISTS 1 FREELIST GROUPS 1
  BUFFER_POOL DEFAULT FLASH_CACHE DEFAULT CELL_FLASH_CACHE DEFAULT)
  TABLESPACE "USERS" ;
--------------------------------------------------------
--  DDL for Table THANH_TUU
--------------------------------------------------------

  CREATE TABLE "QLTUYENDUNG"."THANH_TUU" 
   (	"ID" NUMBER(19,0) GENERATED BY DEFAULT AS IDENTITY MINVALUE 1 MAXVALUE 9999999999999999999999999999 INCREMENT BY 1 START WITH 1 CACHE 20 NOORDER  NOCYCLE  NOKEEP  NOSCALE , 
	"MO_TA" VARCHAR2(255 CHAR), 
	"NGAY_DAT" DATE, 
	"TEN_THANH_TUU" VARCHAR2(255 CHAR), 
	"USER_ID" NUMBER(19,0)
   ) SEGMENT CREATION DEFERRED 
  PCTFREE 10 PCTUSED 40 INITRANS 1 MAXTRANS 255 
 NOCOMPRESS LOGGING
  STORAGE( INITIAL 65536 NEXT 1048576 MAXEXTENTS 2147483645)
  TABLESPACE "USERS" ;
--------------------------------------------------------
--  DDL for Table TIN_TUYEN_DUNG
--------------------------------------------------------

  CREATE TABLE "QLTUYENDUNG"."TIN_TUYEN_DUNG" 
   (	"ID" NUMBER(19,0) GENERATED BY DEFAULT AS IDENTITY MINVALUE 1 MAXVALUE 9999999999999999999999999999 INCREMENT BY 1 START WITH 1 CACHE 20 NOORDER  NOCYCLE  NOKEEP  NOSCALE , 
	"DIA_DIEMLV" VARCHAR2(255 CHAR), 
	"HAN_NOP" TIMESTAMP (6), 
	"HINH_THUCLV" VARCHAR2(255 CHAR), 
	"LINH_VUC" VARCHAR2(255 CHAR), 
	"MO_TA_CONG_VIEC" VARCHAR2(4000 CHAR), 
	"MUC_LUONG" NUMBER(10,0), 
	"NGAY_DANG" TIMESTAMP (6), 
	"QUOC_GIALV" VARCHAR2(255 CHAR), 
	"THANH_PHOLV" VARCHAR2(255 CHAR), 
	"TIEU_DE" VARCHAR2(255 CHAR), 
	"TRANG_THAI" VARCHAR2(255 CHAR), 
	"YEU_CAU" VARCHAR2(4000 CHAR), 
	"CONGTY_ID" NUMBER(19,0)
   ) SEGMENT CREATION IMMEDIATE 
  PCTFREE 10 PCTUSED 40 INITRANS 1 MAXTRANS 255 
 NOCOMPRESS LOGGING
  STORAGE(INITIAL 65536 NEXT 1048576 MINEXTENTS 1 MAXEXTENTS 2147483645
  PCTINCREASE 0 FREELISTS 1 FREELIST GROUPS 1
  BUFFER_POOL DEFAULT FLASH_CACHE DEFAULT CELL_FLASH_CACHE DEFAULT)
  TABLESPACE "USERS" ;
--------------------------------------------------------
--  DDL for Table TIN_YEU_THICH
--------------------------------------------------------

  CREATE TABLE "QLTUYENDUNG"."TIN_YEU_THICH" 
   (	"ID" NUMBER(19,0) GENERATED BY DEFAULT AS IDENTITY MINVALUE 1 MAXVALUE 9999999999999999999999999999 INCREMENT BY 1 START WITH 1 CACHE 20 NOORDER  NOCYCLE  NOKEEP  NOSCALE , 
	"TINTD_ID" NUMBER(19,0), 
	"UNG_VIEN_ID" NUMBER(19,0)
   ) SEGMENT CREATION DEFERRED 
  PCTFREE 10 PCTUSED 40 INITRANS 1 MAXTRANS 255 
 NOCOMPRESS LOGGING
  STORAGE( INITIAL 65536 NEXT 1048576 MAXEXTENTS 2147483645)
  TABLESPACE "USERS" ;
--------------------------------------------------------
--  DDL for Table UNG_VIEN_YEU_THICH
--------------------------------------------------------

  CREATE TABLE "QLTUYENDUNG"."UNG_VIEN_YEU_THICH" 
   (	"ID" NUMBER(19,0) GENERATED BY DEFAULT AS IDENTITY MINVALUE 1 MAXVALUE 9999999999999999999999999999 INCREMENT BY 1 START WITH 1 CACHE 20 NOORDER  NOCYCLE  NOKEEP  NOSCALE , 
	"NHATD_ID" NUMBER(19,0), 
	"UNG_VIEN_ID" NUMBER(19,0)
   ) SEGMENT CREATION DEFERRED 
  PCTFREE 10 PCTUSED 40 INITRANS 1 MAXTRANS 255 
 NOCOMPRESS LOGGING
  STORAGE( INITIAL 65536 NEXT 1048576 MAXEXTENTS 2147483645)
  TABLESPACE "USERS" ;
--------------------------------------------------------
--  DDL for Table USERS
--------------------------------------------------------

  CREATE TABLE "QLTUYENDUNG"."USERS" 
   (	"ID" NUMBER(19,0) GENERATED BY DEFAULT AS IDENTITY MINVALUE 1 MAXVALUE 9999999999999999999999999999 INCREMENT BY 1 START WITH 1 CACHE 20 NOORDER  NOCYCLE  NOKEEP  NOSCALE , 
	"CHUYEN_NGANH" VARCHAR2(255 CHAR), 
	"CV_FILE" VARCHAR2(255 CHAR), 
	"DIA_CHI" VARCHAR2(255 CHAR), 
	"EMAIL" VARCHAR2(255 CHAR), 
	"ENABLED" NUMBER(1,0) DEFAULT 1, 
	"FACE_BOOK" VARCHAR2(255 CHAR), 
	"GIOI_THIEU" VARCHAR2(4000 CHAR), 
	"GIOI_TINH" VARCHAR2(255 CHAR), 
	"HINH_ANH" VARCHAR2(255 CHAR), 
	"HO_TEN" VARCHAR2(255 CHAR), 
	"LINKED_IN" VARCHAR2(255 CHAR), 
	"LUONG_HIEN_TAI" NUMBER(10,0), 
	"LUONG_MONG_MUON" NUMBER(10,0), 
	"NAM_KINH_NGHIEM" NUMBER(10,0), 
	"NGAY_TAO" TIMESTAMP (6), 
	"NGON_NGU" VARCHAR2(255 CHAR), 
	"PASSWORD" VARCHAR2(255 CHAR), 
	"SO_DIEN_THOAI" VARCHAR2(255 CHAR), 
	"TUOI" NUMBER(10,0), 
	"USERNAME" VARCHAR2(255 CHAR), 
	"CONG_TY_ID" NUMBER(19,0), 
	"CREATED_AT" TIMESTAMP (6), 
	"PHONE_NUMBER" VARCHAR2(15 CHAR), 
	"UPDATED_AT" TIMESTAMP (6)
   ) SEGMENT CREATION IMMEDIATE 
  PCTFREE 10 PCTUSED 40 INITRANS 1 MAXTRANS 255 
 NOCOMPRESS LOGGING
  STORAGE(INITIAL 65536 NEXT 1048576 MINEXTENTS 1 MAXEXTENTS 2147483645
  PCTINCREASE 0 FREELISTS 1 FREELIST GROUPS 1
  BUFFER_POOL DEFAULT FLASH_CACHE DEFAULT CELL_FLASH_CACHE DEFAULT)
  TABLESPACE "USERS" ;
--------------------------------------------------------
--  DDL for Table USER_ROLE
--------------------------------------------------------

  CREATE TABLE "QLTUYENDUNG"."USER_ROLE" 
   (	"ID" NUMBER(19,0) GENERATED BY DEFAULT AS IDENTITY MINVALUE 1 MAXVALUE 9999999999999999999999999999 INCREMENT BY 1 START WITH 1 CACHE 20 NOORDER  NOCYCLE  NOKEEP  NOSCALE , 
	"ROLE_ID" NUMBER(19,0), 
	"USER_ID" NUMBER(19,0)
   ) SEGMENT CREATION IMMEDIATE 
  PCTFREE 10 PCTUSED 40 INITRANS 1 MAXTRANS 255 
 NOCOMPRESS LOGGING
  STORAGE(INITIAL 65536 NEXT 1048576 MINEXTENTS 1 MAXEXTENTS 2147483645
  PCTINCREASE 0 FREELISTS 1 FREELIST GROUPS 1
  BUFFER_POOL DEFAULT FLASH_CACHE DEFAULT CELL_FLASH_CACHE DEFAULT)
  TABLESPACE "USERS" ;
--------------------------------------------------------
--  DDL for Table USER_ROLES
--------------------------------------------------------

  CREATE TABLE "QLTUYENDUNG"."USER_ROLES" 
   (	"ID" NUMBER(19,0) GENERATED BY DEFAULT AS IDENTITY MINVALUE 1 MAXVALUE 9999999999999999999999999999 INCREMENT BY 1 START WITH 1 CACHE 20 NOORDER  NOCYCLE  NOKEEP  NOSCALE , 
	"ROLE_ID" NUMBER(19,0), 
	"USER_ID" NUMBER(19,0)
   ) SEGMENT CREATION IMMEDIATE 
  PCTFREE 10 PCTUSED 40 INITRANS 1 MAXTRANS 255 
 NOCOMPRESS LOGGING
  STORAGE(INITIAL 65536 NEXT 1048576 MINEXTENTS 1 MAXEXTENTS 2147483645
  PCTINCREASE 0 FREELISTS 1 FREELIST GROUPS 1
  BUFFER_POOL DEFAULT FLASH_CACHE DEFAULT CELL_FLASH_CACHE DEFAULT)
  TABLESPACE "USERS" ;
REM INSERTING into QLTUYENDUNG.BAI_TEST
SET DEFINE OFF;
REM INSERTING into QLTUYENDUNG.CONG_TY
SET DEFINE OFF;
Insert into QLTUYENDUNG.CONG_TY (ID,DIA_CHI,EMAIL,FACEBOOK,HOT_LINE,LINH_VUC,LINKED_IN,LOGO,MO_TA,NAM_THANH_LAP,QUY_MO,TEN_CONG_TY,WEBSITE) values (1,'123 Tech Park, Silicon Valley, CA','info@techsolutions.com',null,'123-456-7890',null,null,null,null,null,null,'Tech Solutions Inc.',null);
Insert into QLTUYENDUNG.CONG_TY (ID,DIA_CHI,EMAIL,FACEBOOK,HOT_LINE,LINH_VUC,LINKED_IN,LOGO,MO_TA,NAM_THANH_LAP,QUY_MO,TEN_CONG_TY,WEBSITE) values (2,'456 Innovation Drive, London, UK','contact@globalinnovations.co.uk',null,'44-20-1234-5678',null,null,null,null,null,null,'Global Innovations Ltd.',null);
Insert into QLTUYENDUNG.CONG_TY (ID,DIA_CHI,EMAIL,FACEBOOK,HOT_LINE,LINH_VUC,LINKED_IN,LOGO,MO_TA,NAM_THANH_LAP,QUY_MO,TEN_CONG_TY,WEBSITE) values (3,'789 Design Studios, Sydney, AUS','hello@creativedigital.com.au',null,'61-2-9876-5432',null,null,null,null,null,null,'Creative Digital Agency',null);
REM INSERTING into QLTUYENDUNG.DON_UNG_TUYEN
SET DEFINE OFF;
REM INSERTING into QLTUYENDUNG.HOC_VAN
SET DEFINE OFF;
REM INSERTING into QLTUYENDUNG.KINH_NGHIEM_LAM_VIEC
SET DEFINE OFF;
REM INSERTING into QLTUYENDUNG.KQBAI_TEST
SET DEFINE OFF;
REM INSERTING into QLTUYENDUNG.PHONG_VAN
SET DEFINE OFF;
REM INSERTING into QLTUYENDUNG.ROLE
SET DEFINE OFF;
Insert into QLTUYENDUNG.ROLE (ID,NAME) values (1,'ADMIN');
Insert into QLTUYENDUNG.ROLE (ID,NAME) values (2,'RECRUITER');
Insert into QLTUYENDUNG.ROLE (ID,NAME) values (3,'CANDIDATE');
Insert into QLTUYENDUNG.ROLE (ID,NAME) values (4,'HR_STAFF');
Insert into QLTUYENDUNG.ROLE (ID,NAME) values (5,'CV_STAFF');
REM INSERTING into QLTUYENDUNG.ROLES
SET DEFINE OFF;
Insert into QLTUYENDUNG.ROLES (ID,NAME) values (1,'ADMIN');
Insert into QLTUYENDUNG.ROLES (ID,NAME) values (5,'CANDIDATE');
Insert into QLTUYENDUNG.ROLES (ID,NAME) values (4,'CV_STAFF');
Insert into QLTUYENDUNG.ROLES (ID,NAME) values (3,'HR_STAFF');
Insert into QLTUYENDUNG.ROLES (ID,NAME) values (2,'RECRUITER');
REM INSERTING into QLTUYENDUNG.THANH_TUU
SET DEFINE OFF;
REM INSERTING into QLTUYENDUNG.TIN_TUYEN_DUNG
SET DEFINE OFF;
Insert into QLTUYENDUNG.TIN_TUYEN_DUNG (ID,DIA_DIEMLV,HAN_NOP,HINH_THUCLV,LINH_VUC,MO_TA_CONG_VIEC,MUC_LUONG,NGAY_DANG,QUOC_GIALV,THANH_PHOLV,TIEU_DE,TRANG_THAI,YEU_CAU,CONGTY_ID) values (1,'test',to_timestamp('13-JUL-25 07.00.00.000000000 AM','DD-MON-RR HH.MI.SSXFF AM'),'full-time','test','test1',3000000,null,'Vietnam','test','test',null,'test',1);
Insert into QLTUYENDUNG.TIN_TUYEN_DUNG (ID,DIA_DIEMLV,HAN_NOP,HINH_THUCLV,LINH_VUC,MO_TA_CONG_VIEC,MUC_LUONG,NGAY_DANG,QUOC_GIALV,THANH_PHOLV,TIEU_DE,TRANG_THAI,YEU_CAU,CONGTY_ID) values (3,'test3',to_timestamp('13-JUL-25 07.00.00.000000000 AM','DD-MON-RR HH.MI.SSXFF AM'),'full-time','test3','test3',3000000,null,'Vietnam','test3','test31','ACTIVE','test3',1);
Insert into QLTUYENDUNG.TIN_TUYEN_DUNG (ID,DIA_DIEMLV,HAN_NOP,HINH_THUCLV,LINH_VUC,MO_TA_CONG_VIEC,MUC_LUONG,NGAY_DANG,QUOC_GIALV,THANH_PHOLV,TIEU_DE,TRANG_THAI,YEU_CAU,CONGTY_ID) values (4,'test6',to_timestamp('13-JUL-25 07.00.00.000000000 AM','DD-MON-RR HH.MI.SSXFF AM'),'full-time','test6','test6',3000000,to_timestamp('13-JUN-25 03.30.38.626000000 PM','DD-MON-RR HH.MI.SSXFF AM'),'Vietnam','test6','test6','ACTIVE','test6',1);
Insert into QLTUYENDUNG.TIN_TUYEN_DUNG (ID,DIA_DIEMLV,HAN_NOP,HINH_THUCLV,LINH_VUC,MO_TA_CONG_VIEC,MUC_LUONG,NGAY_DANG,QUOC_GIALV,THANH_PHOLV,TIEU_DE,TRANG_THAI,YEU_CAU,CONGTY_ID) values (2,'test2',to_timestamp('13-JUL-25 07.00.00.000000000 AM','DD-MON-RR HH.MI.SSXFF AM'),'full-time','test2','test2',3000000,null,'Vietnam','test2','test3',null,'test2',1);
Insert into QLTUYENDUNG.TIN_TUYEN_DUNG (ID,DIA_DIEMLV,HAN_NOP,HINH_THUCLV,LINH_VUC,MO_TA_CONG_VIEC,MUC_LUONG,NGAY_DANG,QUOC_GIALV,THANH_PHOLV,TIEU_DE,TRANG_THAI,YEU_CAU,CONGTY_ID) values (21,'test71',to_timestamp('13-JUL-25 07.00.00.000000000 AM','DD-MON-RR HH.MI.SSXFF AM'),'full-time','test7','test7',3000000,null,'Vietnam','test71','test7','ACTIVE','test7',1);
REM INSERTING into QLTUYENDUNG.TIN_YEU_THICH
SET DEFINE OFF;
REM INSERTING into QLTUYENDUNG.UNG_VIEN_YEU_THICH
SET DEFINE OFF;
REM INSERTING into QLTUYENDUNG.USERS
SET DEFINE OFF;
Insert into QLTUYENDUNG.USERS (ID,CHUYEN_NGANH,CV_FILE,DIA_CHI,EMAIL,ENABLED,FACE_BOOK,GIOI_THIEU,GIOI_TINH,HINH_ANH,HO_TEN,LINKED_IN,LUONG_HIEN_TAI,LUONG_MONG_MUON,NAM_KINH_NGHIEM,NGAY_TAO,NGON_NGU,PASSWORD,SO_DIEN_THOAI,TUOI,USERNAME,CONG_TY_ID,CREATED_AT,PHONE_NUMBER,UPDATED_AT) values (26,null,null,null,'admin1@gmail.com',1,null,null,null,null,'admin1',null,0,0,0,null,null,'$2a$10$UD69vJCDZN3hsG8wcbGdOelOsVQfQR4IQgieqHthoX8h3MMHzcE3K','0123456789',0,'admin1',null,to_timestamp('13-JUN-25 02.16.04.765302000 AM','DD-MON-RR HH.MI.SSXFF AM'),null,to_timestamp('13-JUN-25 02.16.04.765302000 AM','DD-MON-RR HH.MI.SSXFF AM'));
Insert into QLTUYENDUNG.USERS (ID,CHUYEN_NGANH,CV_FILE,DIA_CHI,EMAIL,ENABLED,FACE_BOOK,GIOI_THIEU,GIOI_TINH,HINH_ANH,HO_TEN,LINKED_IN,LUONG_HIEN_TAI,LUONG_MONG_MUON,NAM_KINH_NGHIEM,NGAY_TAO,NGON_NGU,PASSWORD,SO_DIEN_THOAI,TUOI,USERNAME,CONG_TY_ID,CREATED_AT,PHONE_NUMBER,UPDATED_AT) values (29,null,null,null,'gochr@gmail.com',1,null,null,null,null,null,null,0,0,0,null,null,'$2a$10$5BNxy99LE43sGGjPPtt.9ullAy0IIiTCiz4d0.SINTu2nxYmI.2JW',null,0,'gochr',null,null,null,null);
Insert into QLTUYENDUNG.USERS (ID,CHUYEN_NGANH,CV_FILE,DIA_CHI,EMAIL,ENABLED,FACE_BOOK,GIOI_THIEU,GIOI_TINH,HINH_ANH,HO_TEN,LINKED_IN,LUONG_HIEN_TAI,LUONG_MONG_MUON,NAM_KINH_NGHIEM,NGAY_TAO,NGON_NGU,PASSWORD,SO_DIEN_THOAI,TUOI,USERNAME,CONG_TY_ID,CREATED_AT,PHONE_NUMBER,UPDATED_AT) values (30,null,null,null,'gocrecruiter@gmail.com',1,null,null,null,null,null,null,0,0,0,null,null,'$2a$10$smD2nXaxZXhutXFTE7IxzOlTbCO8pgbOgzsumYrUkQtZh/oF2niP.',null,0,'gocrecruiter',null,null,null,null);
Insert into QLTUYENDUNG.USERS (ID,CHUYEN_NGANH,CV_FILE,DIA_CHI,EMAIL,ENABLED,FACE_BOOK,GIOI_THIEU,GIOI_TINH,HINH_ANH,HO_TEN,LINKED_IN,LUONG_HIEN_TAI,LUONG_MONG_MUON,NAM_KINH_NGHIEM,NGAY_TAO,NGON_NGU,PASSWORD,SO_DIEN_THOAI,TUOI,USERNAME,CONG_TY_ID,CREATED_AT,PHONE_NUMBER,UPDATED_AT) values (24,null,null,null,'testuser@gmail.com',1,null,null,null,null,'testuser',null,0,0,0,null,null,'$2a$10$eTBDFESaQim72m5jAlwgpu9TYFmYhVHv3QBp85aj1X7lIBqPg1h4m','0123456789',0,'testuser',null,to_timestamp('13-JUN-25 02.01.44.953603000 AM','DD-MON-RR HH.MI.SSXFF AM'),null,to_timestamp('13-JUN-25 02.01.44.953603000 AM','DD-MON-RR HH.MI.SSXFF AM'));
Insert into QLTUYENDUNG.USERS (ID,CHUYEN_NGANH,CV_FILE,DIA_CHI,EMAIL,ENABLED,FACE_BOOK,GIOI_THIEU,GIOI_TINH,HINH_ANH,HO_TEN,LINKED_IN,LUONG_HIEN_TAI,LUONG_MONG_MUON,NAM_KINH_NGHIEM,NGAY_TAO,NGON_NGU,PASSWORD,SO_DIEN_THOAI,TUOI,USERNAME,CONG_TY_ID,CREATED_AT,PHONE_NUMBER,UPDATED_AT) values (25,null,null,null,'admin@gmail.com',1,null,null,null,null,'admin',null,0,0,0,null,null,'$2a$10$EtW02WglYbQ3/ZynWdnIV.OHLRDX6H29hKmffeJqVSyTzm2pa.Gfy','0123456789',0,'admin',null,to_timestamp('13-JUN-25 02.05.11.724084000 AM','DD-MON-RR HH.MI.SSXFF AM'),null,to_timestamp('13-JUN-25 02.05.11.724084000 AM','DD-MON-RR HH.MI.SSXFF AM'));
Insert into QLTUYENDUNG.USERS (ID,CHUYEN_NGANH,CV_FILE,DIA_CHI,EMAIL,ENABLED,FACE_BOOK,GIOI_THIEU,GIOI_TINH,HINH_ANH,HO_TEN,LINKED_IN,LUONG_HIEN_TAI,LUONG_MONG_MUON,NAM_KINH_NGHIEM,NGAY_TAO,NGON_NGU,PASSWORD,SO_DIEN_THOAI,TUOI,USERNAME,CONG_TY_ID,CREATED_AT,PHONE_NUMBER,UPDATED_AT) values (27,null,null,null,'user1@gmail.com',1,null,null,'male',null,'user1',null,0,0,0,null,null,'$2a$10$PyGqiAM95gTqLiyBGjzguO4Wnj39h8SRILluRHjyDG1FdeCilz8US','0123456787',23,'user1',null,to_timestamp('13-JUN-25 02.55.09.309938000 AM','DD-MON-RR HH.MI.SSXFF AM'),null,to_timestamp('13-JUN-25 10.50.18.060899000 PM','DD-MON-RR HH.MI.SSXFF AM'));
Insert into QLTUYENDUNG.USERS (ID,CHUYEN_NGANH,CV_FILE,DIA_CHI,EMAIL,ENABLED,FACE_BOOK,GIOI_THIEU,GIOI_TINH,HINH_ANH,HO_TEN,LINKED_IN,LUONG_HIEN_TAI,LUONG_MONG_MUON,NAM_KINH_NGHIEM,NGAY_TAO,NGON_NGU,PASSWORD,SO_DIEN_THOAI,TUOI,USERNAME,CONG_TY_ID,CREATED_AT,PHONE_NUMBER,UPDATED_AT) values (28,null,null,null,'hr1@gmail.com',1,null,null,null,null,'hr1',null,0,0,0,null,null,'$2a$10$0nl/gv6IAJ9s4v9AkKjkHOI56X3SkDkZht.Nwr2sX1RzR8FsMEPrm','0123456789',24,'hr1',1,to_timestamp('13-JUN-25 02.57.09.234553000 AM','DD-MON-RR HH.MI.SSXFF AM'),null,to_timestamp('13-JUN-25 10.38.05.140315000 PM','DD-MON-RR HH.MI.SSXFF AM'));
REM INSERTING into QLTUYENDUNG.USER_ROLE
SET DEFINE OFF;
Insert into QLTUYENDUNG.USER_ROLE (ID,ROLE_ID,USER_ID) values (1,2,29);
Insert into QLTUYENDUNG.USER_ROLE (ID,ROLE_ID,USER_ID) values (2,4,30);
REM INSERTING into QLTUYENDUNG.USER_ROLES
SET DEFINE OFF;
Insert into QLTUYENDUNG.USER_ROLES (ID,ROLE_ID,USER_ID) values (1,1,26);
Insert into QLTUYENDUNG.USER_ROLES (ID,ROLE_ID,USER_ID) values (2,5,27);
Insert into QLTUYENDUNG.USER_ROLES (ID,ROLE_ID,USER_ID) values (3,3,28);
--------------------------------------------------------
--  DDL for Index UK6DOTKOTT2KJSP8VW4D0M25FB7
--------------------------------------------------------

  CREATE UNIQUE INDEX "QLTUYENDUNG"."UK6DOTKOTT2KJSP8VW4D0M25FB7" ON "QLTUYENDUNG"."USERS" ("EMAIL") 
  PCTFREE 10 INITRANS 2 MAXTRANS 255 COMPUTE STATISTICS 
  STORAGE(INITIAL 65536 NEXT 1048576 MINEXTENTS 1 MAXEXTENTS 2147483645
  PCTINCREASE 0 FREELISTS 1 FREELIST GROUPS 1
  BUFFER_POOL DEFAULT FLASH_CACHE DEFAULT CELL_FLASH_CACHE DEFAULT)
  TABLESPACE "USERS" ;
--------------------------------------------------------
--  DDL for Index UKOFX66KERUAPI6VYQPV6F2OR37
--------------------------------------------------------

  CREATE UNIQUE INDEX "QLTUYENDUNG"."UKOFX66KERUAPI6VYQPV6F2OR37" ON "QLTUYENDUNG"."ROLES" ("NAME") 
  PCTFREE 10 INITRANS 2 MAXTRANS 255 COMPUTE STATISTICS 
  STORAGE(INITIAL 65536 NEXT 1048576 MINEXTENTS 1 MAXEXTENTS 2147483645
  PCTINCREASE 0 FREELISTS 1 FREELIST GROUPS 1
  BUFFER_POOL DEFAULT FLASH_CACHE DEFAULT CELL_FLASH_CACHE DEFAULT)
  TABLESPACE "USERS" ;
--------------------------------------------------------
--  Constraints for Table TIN_TUYEN_DUNG
--------------------------------------------------------

  ALTER TABLE "QLTUYENDUNG"."TIN_TUYEN_DUNG" MODIFY ("ID" NOT NULL ENABLE);
  ALTER TABLE "QLTUYENDUNG"."TIN_TUYEN_DUNG" MODIFY ("MUC_LUONG" NOT NULL ENABLE);
  ALTER TABLE "QLTUYENDUNG"."TIN_TUYEN_DUNG" ADD PRIMARY KEY ("ID")
  USING INDEX PCTFREE 10 INITRANS 2 MAXTRANS 255 
  STORAGE(INITIAL 65536 NEXT 1048576 MINEXTENTS 1 MAXEXTENTS 2147483645
  PCTINCREASE 0 FREELISTS 1 FREELIST GROUPS 1
  BUFFER_POOL DEFAULT FLASH_CACHE DEFAULT CELL_FLASH_CACHE DEFAULT)
  TABLESPACE "USERS"  ENABLE;
--------------------------------------------------------
--  Constraints for Table TIN_YEU_THICH
--------------------------------------------------------

  ALTER TABLE "QLTUYENDUNG"."TIN_YEU_THICH" MODIFY ("ID" NOT NULL ENABLE);
  ALTER TABLE "QLTUYENDUNG"."TIN_YEU_THICH" ADD PRIMARY KEY ("ID")
  USING INDEX PCTFREE 10 INITRANS 2 MAXTRANS 255 
  STORAGE( INITIAL 65536 NEXT 1048576 MAXEXTENTS 2147483645)
  TABLESPACE "USERS"  ENABLE;
--------------------------------------------------------
--  Constraints for Table ROLES
--------------------------------------------------------

  ALTER TABLE "QLTUYENDUNG"."ROLES" MODIFY ("ID" NOT NULL ENABLE);
  ALTER TABLE "QLTUYENDUNG"."ROLES" MODIFY ("NAME" NOT NULL ENABLE);
  ALTER TABLE "QLTUYENDUNG"."ROLES" ADD CHECK (name in ('ADMIN','RECRUITER','HR_STAFF','CV_STAFF','CANDIDATE')) ENABLE;
  ALTER TABLE "QLTUYENDUNG"."ROLES" ADD PRIMARY KEY ("ID")
  USING INDEX PCTFREE 10 INITRANS 2 MAXTRANS 255 COMPUTE STATISTICS 
  STORAGE(INITIAL 65536 NEXT 1048576 MINEXTENTS 1 MAXEXTENTS 2147483645
  PCTINCREASE 0 FREELISTS 1 FREELIST GROUPS 1
  BUFFER_POOL DEFAULT FLASH_CACHE DEFAULT CELL_FLASH_CACHE DEFAULT)
  TABLESPACE "USERS"  ENABLE;
  ALTER TABLE "QLTUYENDUNG"."ROLES" ADD CONSTRAINT "UKOFX66KERUAPI6VYQPV6F2OR37" UNIQUE ("NAME")
  USING INDEX PCTFREE 10 INITRANS 2 MAXTRANS 255 COMPUTE STATISTICS 
  STORAGE(INITIAL 65536 NEXT 1048576 MINEXTENTS 1 MAXEXTENTS 2147483645
  PCTINCREASE 0 FREELISTS 1 FREELIST GROUPS 1
  BUFFER_POOL DEFAULT FLASH_CACHE DEFAULT CELL_FLASH_CACHE DEFAULT)
  TABLESPACE "USERS"  ENABLE;
--------------------------------------------------------
--  Constraints for Table DON_UNG_TUYEN
--------------------------------------------------------

  ALTER TABLE "QLTUYENDUNG"."DON_UNG_TUYEN" MODIFY ("ID" NOT NULL ENABLE);
  ALTER TABLE "QLTUYENDUNG"."DON_UNG_TUYEN" MODIFY ("CV_FILE" NOT NULL ENABLE);
  ALTER TABLE "QLTUYENDUNG"."DON_UNG_TUYEN" MODIFY ("QUYEN_TEST" NOT NULL ENABLE);
  ALTER TABLE "QLTUYENDUNG"."DON_UNG_TUYEN" MODIFY ("TINTD_ID" NOT NULL ENABLE);
  ALTER TABLE "QLTUYENDUNG"."DON_UNG_TUYEN" ADD CHECK (quyen_test IN (0, 1)) ENABLE;
  ALTER TABLE "QLTUYENDUNG"."DON_UNG_TUYEN" ADD PRIMARY KEY ("ID")
  USING INDEX PCTFREE 10 INITRANS 2 MAXTRANS 255 
  STORAGE( INITIAL 65536 NEXT 1048576 MAXEXTENTS 2147483645)
  TABLESPACE "USERS"  ENABLE;
--------------------------------------------------------
--  Constraints for Table KQBAI_TEST
--------------------------------------------------------

  ALTER TABLE "QLTUYENDUNG"."KQBAI_TEST" MODIFY ("ID" NOT NULL ENABLE);
  ALTER TABLE "QLTUYENDUNG"."KQBAI_TEST" MODIFY ("DIEM" NOT NULL ENABLE);
  ALTER TABLE "QLTUYENDUNG"."KQBAI_TEST" MODIFY ("TEST_ID" NOT NULL ENABLE);
  ALTER TABLE "QLTUYENDUNG"."KQBAI_TEST" MODIFY ("DONUT_ID" NOT NULL ENABLE);
  ALTER TABLE "QLTUYENDUNG"."KQBAI_TEST" ADD PRIMARY KEY ("ID")
  USING INDEX PCTFREE 10 INITRANS 2 MAXTRANS 255 
  STORAGE( INITIAL 65536 NEXT 1048576 MAXEXTENTS 2147483645)
  TABLESPACE "USERS"  ENABLE;
--------------------------------------------------------
--  Constraints for Table USER_ROLE
--------------------------------------------------------

  ALTER TABLE "QLTUYENDUNG"."USER_ROLE" MODIFY ("ID" NOT NULL ENABLE);
  ALTER TABLE "QLTUYENDUNG"."USER_ROLE" ADD PRIMARY KEY ("ID")
  USING INDEX PCTFREE 10 INITRANS 2 MAXTRANS 255 COMPUTE STATISTICS 
  STORAGE(INITIAL 65536 NEXT 1048576 MINEXTENTS 1 MAXEXTENTS 2147483645
  PCTINCREASE 0 FREELISTS 1 FREELIST GROUPS 1
  BUFFER_POOL DEFAULT FLASH_CACHE DEFAULT CELL_FLASH_CACHE DEFAULT)
  TABLESPACE "USERS"  ENABLE;
--------------------------------------------------------
--  Constraints for Table ROLE
--------------------------------------------------------

  ALTER TABLE "QLTUYENDUNG"."ROLE" MODIFY ("ID" NOT NULL ENABLE);
  ALTER TABLE "QLTUYENDUNG"."ROLE" ADD PRIMARY KEY ("ID")
  USING INDEX PCTFREE 10 INITRANS 2 MAXTRANS 255 COMPUTE STATISTICS 
  STORAGE(INITIAL 65536 NEXT 1048576 MINEXTENTS 1 MAXEXTENTS 2147483645
  PCTINCREASE 0 FREELISTS 1 FREELIST GROUPS 1
  BUFFER_POOL DEFAULT FLASH_CACHE DEFAULT CELL_FLASH_CACHE DEFAULT)
  TABLESPACE "USERS"  ENABLE;
--------------------------------------------------------
--  Constraints for Table USER_ROLES
--------------------------------------------------------

  ALTER TABLE "QLTUYENDUNG"."USER_ROLES" MODIFY ("ID" NOT NULL ENABLE);
  ALTER TABLE "QLTUYENDUNG"."USER_ROLES" ADD PRIMARY KEY ("ID")
  USING INDEX PCTFREE 10 INITRANS 2 MAXTRANS 255 COMPUTE STATISTICS 
  STORAGE(INITIAL 65536 NEXT 1048576 MINEXTENTS 1 MAXEXTENTS 2147483645
  PCTINCREASE 0 FREELISTS 1 FREELIST GROUPS 1
  BUFFER_POOL DEFAULT FLASH_CACHE DEFAULT CELL_FLASH_CACHE DEFAULT)
  TABLESPACE "USERS"  ENABLE;
--------------------------------------------------------
--  Constraints for Table CONG_TY
--------------------------------------------------------

  ALTER TABLE "QLTUYENDUNG"."CONG_TY" MODIFY ("ID" NOT NULL ENABLE);
  ALTER TABLE "QLTUYENDUNG"."CONG_TY" ADD PRIMARY KEY ("ID")
  USING INDEX PCTFREE 10 INITRANS 2 MAXTRANS 255 
  STORAGE(INITIAL 65536 NEXT 1048576 MINEXTENTS 1 MAXEXTENTS 2147483645
  PCTINCREASE 0 FREELISTS 1 FREELIST GROUPS 1
  BUFFER_POOL DEFAULT FLASH_CACHE DEFAULT CELL_FLASH_CACHE DEFAULT)
  TABLESPACE "USERS"  ENABLE;
--------------------------------------------------------
--  Constraints for Table BAI_TEST
--------------------------------------------------------

  ALTER TABLE "QLTUYENDUNG"."BAI_TEST" MODIFY ("ID" NOT NULL ENABLE);
  ALTER TABLE "QLTUYENDUNG"."BAI_TEST" ADD PRIMARY KEY ("ID")
  USING INDEX PCTFREE 10 INITRANS 2 MAXTRANS 255 
  STORAGE( INITIAL 65536 NEXT 1048576 MAXEXTENTS 2147483645)
  TABLESPACE "USERS"  ENABLE;
--------------------------------------------------------
--  Constraints for Table PHONG_VAN
--------------------------------------------------------

  ALTER TABLE "QLTUYENDUNG"."PHONG_VAN" MODIFY ("ID" NOT NULL ENABLE);
  ALTER TABLE "QLTUYENDUNG"."PHONG_VAN" MODIFY ("DIEM_DANH_GIA" NOT NULL ENABLE);
  ALTER TABLE "QLTUYENDUNG"."PHONG_VAN" ADD PRIMARY KEY ("ID")
  USING INDEX PCTFREE 10 INITRANS 2 MAXTRANS 255 
  STORAGE( INITIAL 65536 NEXT 1048576 MAXEXTENTS 2147483645)
  TABLESPACE "USERS"  ENABLE;
--------------------------------------------------------
--  Constraints for Table USERS
--------------------------------------------------------

  ALTER TABLE "QLTUYENDUNG"."USERS" MODIFY ("ID" NOT NULL ENABLE);
  ALTER TABLE "QLTUYENDUNG"."USERS" MODIFY ("EMAIL" NOT NULL ENABLE);
  ALTER TABLE "QLTUYENDUNG"."USERS" MODIFY ("LUONG_HIEN_TAI" NOT NULL ENABLE);
  ALTER TABLE "QLTUYENDUNG"."USERS" MODIFY ("LUONG_MONG_MUON" NOT NULL ENABLE);
  ALTER TABLE "QLTUYENDUNG"."USERS" MODIFY ("NAM_KINH_NGHIEM" NOT NULL ENABLE);
  ALTER TABLE "QLTUYENDUNG"."USERS" MODIFY ("TUOI" NOT NULL ENABLE);
  ALTER TABLE "QLTUYENDUNG"."USERS" ADD CHECK (enabled IN (0, 1)) ENABLE;
  ALTER TABLE "QLTUYENDUNG"."USERS" ADD PRIMARY KEY ("ID")
  USING INDEX PCTFREE 10 INITRANS 2 MAXTRANS 255 COMPUTE STATISTICS 
  STORAGE(INITIAL 65536 NEXT 1048576 MINEXTENTS 1 MAXEXTENTS 2147483645
  PCTINCREASE 0 FREELISTS 1 FREELIST GROUPS 1
  BUFFER_POOL DEFAULT FLASH_CACHE DEFAULT CELL_FLASH_CACHE DEFAULT)
  TABLESPACE "USERS"  ENABLE;
  ALTER TABLE "QLTUYENDUNG"."USERS" ADD CONSTRAINT "UK6DOTKOTT2KJSP8VW4D0M25FB7" UNIQUE ("EMAIL")
  USING INDEX PCTFREE 10 INITRANS 2 MAXTRANS 255 COMPUTE STATISTICS 
  STORAGE(INITIAL 65536 NEXT 1048576 MINEXTENTS 1 MAXEXTENTS 2147483645
  PCTINCREASE 0 FREELISTS 1 FREELIST GROUPS 1
  BUFFER_POOL DEFAULT FLASH_CACHE DEFAULT CELL_FLASH_CACHE DEFAULT)
  TABLESPACE "USERS"  ENABLE;
--------------------------------------------------------
--  Constraints for Table THANH_TUU
--------------------------------------------------------

  ALTER TABLE "QLTUYENDUNG"."THANH_TUU" MODIFY ("ID" NOT NULL ENABLE);
  ALTER TABLE "QLTUYENDUNG"."THANH_TUU" ADD PRIMARY KEY ("ID")
  USING INDEX PCTFREE 10 INITRANS 2 MAXTRANS 255 
  STORAGE( INITIAL 65536 NEXT 1048576 MAXEXTENTS 2147483645)
  TABLESPACE "USERS"  ENABLE;
--------------------------------------------------------
--  Constraints for Table KINH_NGHIEM_LAM_VIEC
--------------------------------------------------------

  ALTER TABLE "QLTUYENDUNG"."KINH_NGHIEM_LAM_VIEC" MODIFY ("ID" NOT NULL ENABLE);
  ALTER TABLE "QLTUYENDUNG"."KINH_NGHIEM_LAM_VIEC" MODIFY ("NAMBD" NOT NULL ENABLE);
  ALTER TABLE "QLTUYENDUNG"."KINH_NGHIEM_LAM_VIEC" MODIFY ("NAMKT" NOT NULL ENABLE);
  ALTER TABLE "QLTUYENDUNG"."KINH_NGHIEM_LAM_VIEC" ADD PRIMARY KEY ("ID")
  USING INDEX PCTFREE 10 INITRANS 2 MAXTRANS 255 
  STORAGE( INITIAL 65536 NEXT 1048576 MAXEXTENTS 2147483645)
  TABLESPACE "USERS"  ENABLE;
--------------------------------------------------------
--  Constraints for Table UNG_VIEN_YEU_THICH
--------------------------------------------------------

  ALTER TABLE "QLTUYENDUNG"."UNG_VIEN_YEU_THICH" MODIFY ("ID" NOT NULL ENABLE);
  ALTER TABLE "QLTUYENDUNG"."UNG_VIEN_YEU_THICH" ADD PRIMARY KEY ("ID")
  USING INDEX PCTFREE 10 INITRANS 2 MAXTRANS 255 
  STORAGE( INITIAL 65536 NEXT 1048576 MAXEXTENTS 2147483645)
  TABLESPACE "USERS"  ENABLE;
--------------------------------------------------------
--  Constraints for Table HOC_VAN
--------------------------------------------------------

  ALTER TABLE "QLTUYENDUNG"."HOC_VAN" MODIFY ("ID" NOT NULL ENABLE);
  ALTER TABLE "QLTUYENDUNG"."HOC_VAN" MODIFY ("NAMBD" NOT NULL ENABLE);
  ALTER TABLE "QLTUYENDUNG"."HOC_VAN" MODIFY ("NAMKT" NOT NULL ENABLE);
  ALTER TABLE "QLTUYENDUNG"."HOC_VAN" ADD PRIMARY KEY ("ID")
  USING INDEX PCTFREE 10 INITRANS 2 MAXTRANS 255 
  STORAGE( INITIAL 65536 NEXT 1048576 MAXEXTENTS 2147483645)
  TABLESPACE "USERS"  ENABLE;
--------------------------------------------------------
--  Ref Constraints for Table BAI_TEST
--------------------------------------------------------

  ALTER TABLE "QLTUYENDUNG"."BAI_TEST" ADD CONSTRAINT "FKHRXIQ6OGG9N5FM77LMIJFIR59" FOREIGN KEY ("TINTD_ID")
	  REFERENCES "QLTUYENDUNG"."TIN_TUYEN_DUNG" ("ID") ENABLE;
--------------------------------------------------------
--  Ref Constraints for Table DON_UNG_TUYEN
--------------------------------------------------------

  ALTER TABLE "QLTUYENDUNG"."DON_UNG_TUYEN" ADD CONSTRAINT "FK6JXVLX5BIL4HBPGRBBV6IE1BE" FOREIGN KEY ("USER_ID")
	  REFERENCES "QLTUYENDUNG"."USERS" ("ID") ENABLE;
  ALTER TABLE "QLTUYENDUNG"."DON_UNG_TUYEN" ADD CONSTRAINT "FKFDBRR4HG2AXNM22TR4PS01OP2" FOREIGN KEY ("TINTD_ID")
	  REFERENCES "QLTUYENDUNG"."TIN_TUYEN_DUNG" ("ID") ENABLE;
--------------------------------------------------------
--  Ref Constraints for Table HOC_VAN
--------------------------------------------------------

  ALTER TABLE "QLTUYENDUNG"."HOC_VAN" ADD CONSTRAINT "FKHFJ6LHLTXQPQCIXDUAUYKPVJ1" FOREIGN KEY ("USER_ID")
	  REFERENCES "QLTUYENDUNG"."USERS" ("ID") ENABLE;
--------------------------------------------------------
--  Ref Constraints for Table KINH_NGHIEM_LAM_VIEC
--------------------------------------------------------

  ALTER TABLE "QLTUYENDUNG"."KINH_NGHIEM_LAM_VIEC" ADD CONSTRAINT "FKJN0NE2KVWAT64KOQE9BBODKKU" FOREIGN KEY ("USER_ID")
	  REFERENCES "QLTUYENDUNG"."USERS" ("ID") ENABLE;
--------------------------------------------------------
--  Ref Constraints for Table KQBAI_TEST
--------------------------------------------------------

  ALTER TABLE "QLTUYENDUNG"."KQBAI_TEST" ADD CONSTRAINT "FKAYMR45PL8SQMRN91IO7TA77L9" FOREIGN KEY ("TEST_ID")
	  REFERENCES "QLTUYENDUNG"."BAI_TEST" ("ID") ENABLE;
  ALTER TABLE "QLTUYENDUNG"."KQBAI_TEST" ADD CONSTRAINT "FKOIGUISASLUMXRMEK0RG6J5OW9" FOREIGN KEY ("DONUT_ID")
	  REFERENCES "QLTUYENDUNG"."DON_UNG_TUYEN" ("ID") ENABLE;
--------------------------------------------------------
--  Ref Constraints for Table PHONG_VAN
--------------------------------------------------------

  ALTER TABLE "QLTUYENDUNG"."PHONG_VAN" ADD CONSTRAINT "FK39RRHF2FXS2AHIOL5XRIDQ5AH" FOREIGN KEY ("NHANVIEN_ID")
	  REFERENCES "QLTUYENDUNG"."USERS" ("ID") ENABLE;
  ALTER TABLE "QLTUYENDUNG"."PHONG_VAN" ADD CONSTRAINT "FKO7Q5HFD6JT1J0A0OK7OFS949V" FOREIGN KEY ("DONUT_ID")
	  REFERENCES "QLTUYENDUNG"."DON_UNG_TUYEN" ("ID") ENABLE;
--------------------------------------------------------
--  Ref Constraints for Table THANH_TUU
--------------------------------------------------------

  ALTER TABLE "QLTUYENDUNG"."THANH_TUU" ADD CONSTRAINT "FKJTH53BV2JDXDWMEC9KV4CAG6W" FOREIGN KEY ("USER_ID")
	  REFERENCES "QLTUYENDUNG"."USERS" ("ID") ENABLE;
--------------------------------------------------------
--  Ref Constraints for Table TIN_TUYEN_DUNG
--------------------------------------------------------

  ALTER TABLE "QLTUYENDUNG"."TIN_TUYEN_DUNG" ADD CONSTRAINT "FKOXTN48AW7O9DT3O4WECX6KN6Y" FOREIGN KEY ("CONGTY_ID")
	  REFERENCES "QLTUYENDUNG"."CONG_TY" ("ID") ENABLE;
--------------------------------------------------------
--  Ref Constraints for Table TIN_YEU_THICH
--------------------------------------------------------

  ALTER TABLE "QLTUYENDUNG"."TIN_YEU_THICH" ADD CONSTRAINT "FK3NSVCQ4BJEDG1LUDEK6XBHDNT" FOREIGN KEY ("TINTD_ID")
	  REFERENCES "QLTUYENDUNG"."TIN_TUYEN_DUNG" ("ID") ENABLE;
  ALTER TABLE "QLTUYENDUNG"."TIN_YEU_THICH" ADD CONSTRAINT "FKHW5HBY6326WFEBUL9S9LL3DN" FOREIGN KEY ("UNG_VIEN_ID")
	  REFERENCES "QLTUYENDUNG"."USERS" ("ID") ENABLE;
--------------------------------------------------------
--  Ref Constraints for Table UNG_VIEN_YEU_THICH
--------------------------------------------------------

  ALTER TABLE "QLTUYENDUNG"."UNG_VIEN_YEU_THICH" ADD CONSTRAINT "FKDF8NCP4H2N28Y1WA2TSTQ7BK5" FOREIGN KEY ("NHATD_ID")
	  REFERENCES "QLTUYENDUNG"."USERS" ("ID") ENABLE;
  ALTER TABLE "QLTUYENDUNG"."UNG_VIEN_YEU_THICH" ADD CONSTRAINT "FKGVQ1OU7MJ02WQU6EBAK25XM44" FOREIGN KEY ("UNG_VIEN_ID")
	  REFERENCES "QLTUYENDUNG"."USERS" ("ID") ENABLE;
--------------------------------------------------------
--  Ref Constraints for Table USERS
--------------------------------------------------------

  ALTER TABLE "QLTUYENDUNG"."USERS" ADD CONSTRAINT "FK1GLFO1H8AXIMA0CYMT6JKCQOR" FOREIGN KEY ("CONG_TY_ID")
	  REFERENCES "QLTUYENDUNG"."CONG_TY" ("ID") ENABLE;
--------------------------------------------------------
--  Ref Constraints for Table USER_ROLE
--------------------------------------------------------

  ALTER TABLE "QLTUYENDUNG"."USER_ROLE" ADD CONSTRAINT "FKA68196081FVOVJHKEK5M97N3Y" FOREIGN KEY ("ROLE_ID")
	  REFERENCES "QLTUYENDUNG"."ROLE" ("ID") ENABLE;
  ALTER TABLE "QLTUYENDUNG"."USER_ROLE" ADD CONSTRAINT "FKJ345GK1BOVQVFAME88RCX7YYX" FOREIGN KEY ("USER_ID")
	  REFERENCES "QLTUYENDUNG"."USERS" ("ID") ENABLE;
--------------------------------------------------------
--  Ref Constraints for Table USER_ROLES
--------------------------------------------------------

  ALTER TABLE "QLTUYENDUNG"."USER_ROLES" ADD CONSTRAINT "FKH8CIRAMU9CC9Q3QCQIV4UE8A6" FOREIGN KEY ("ROLE_ID")
	  REFERENCES "QLTUYENDUNG"."ROLES" ("ID") ENABLE;
  ALTER TABLE "QLTUYENDUNG"."USER_ROLES" ADD CONSTRAINT "FKHFH9DX7W3UBF1CO1VDEV94G3F" FOREIGN KEY ("USER_ID")
	  REFERENCES "QLTUYENDUNG"."USERS" ("ID") ENABLE;
